product,date,run_utc,version,change,affects_radiation,affects_wind,affects_grid,date_precision,source_url,source_type,verified,note
ECMWF IFS,2019-06-11,06:00,46r1,"LW scattering activated in the radiation scheme; convection (entrainment, CAPE closure) and shallow-convection changes; boundary-layer dry mass-flux scaling fix; new 200 m u/v wind output fields; resolution unchanged",TRUE,TRUE,FALSE,day,https://confluence.ecmwf.int/display/FCST/Implementation+of+IFS+Cycle+46r1,primary,corrected,"Date confirmed (06 UTC run). The science summary is on the 46r1 implementation page: longwave scattering activated, convection and shallow-convection changes, 2 m temperature diagnostic fix, and new 200 m wind output fields."
ECMWF IFS,2020-06-30,06:00,47r1,"Revised weak-constraint 4D-Var; quintic vertical interpolation in semi-Lagrangian advection; reduced ocean drag coefficient at high wind speeds; revised shortwave albedo of land, snow and sea ice (MODIS climatology); updated total solar irradiance and greenhouse gases (CMIP6); resolution unchanged",TRUE,TRUE,FALSE,day,https://confluence.ecmwf.int/display/FCST/Implementation+of+IFS+Cycle+47r1,primary,corrected,"Date and run confirmed. The implementation page lists shortwave albedo changes (land, snow, sea ice; MODIS climatology) and updated total solar irradiance, hence affects_radiation. The wind change is reduced ocean drag at high wind speed, not a tropical-cyclone-only Charnock tweak."
ECMWF IFS,2021-05-11,06:00,47r2,ENS vertical levels raised from 91 to 137 (matching HRES); single-precision forecasts for HRES and ENS; 12 auxiliary surface albedo fields added to the ENS control; horizontal resolution unchanged,FALSE,TRUE,TRUE,day,https://confluence.ecmwf.int/display/FCST/Implementation+of+IFS+Cycle+47r2,primary,corrected,Date confirmed (06 UTC run). ENS vertical levels 91 to 137 and single precision for HRES and ENS forecasts. ENS horizontal grid unchanged at O640.
ECMWF IFS,2021-10-12,06:00,47r3,"New moist-physics package: cloud vertical overlap changed from exponential-exponential to random-exponential; revised sub-grid cloud saturation adjustment; moist-entropy stratocumulus/cumulus distinction; revised gustiness parametrization; new neutral 10 m wind output; enhanced all-sky satellite assimilation; resolution unchanged (HRES O1280, ENS O640)",TRUE,TRUE,FALSE,day,https://confluence.ecmwf.int/display/FCST/Implementation+of+IFS+Cycle+47r3,primary,corrected,47r3 did not change HRES resolution: the implementation page says resolution was unchanged from the previous cycle (HRES O1280 ~9 km and 137 levels since 41r2 in March 2016). Moist-physics and cloud-overlap changes confirmed.
ECMWF IFS,2022-10-18,,47r3 (Atos HPC),Migration of operational suite to the new Atos HPC; no separate science change,FALSE,FALSE,FALSE,day,https://confluence.ecmwf.int/display/FCST/Changes+to+the+forecasting+system,primary,yes,Date confirmed on the changes page.
ECMWF IFS,2023-06-27,06:00,48r1,"Medium-range ENS horizontal resolution raised from ~18 km to ~9 km (51 members, 137 levels); extended-range ensemble split into a separate daily 00 UTC system with 101 members at 36 km; radiatively interactive prognostic ozone; multi-layer snow scheme; HRES unchanged",FALSE,TRUE,TRUE,day,https://confluence.ecmwf.int/display/FCST/Implementation+of+IFS+Cycle+48r1,primary,corrected,Date and ENS 18 km to 9 km confirmed (06 UTC run). The extended-range ensemble became a separate daily 00 UTC system with 101 members at 36 km; medium-range ENS stays at 51 members. Radiatively interactive prognostic ozone and a multi-layer snow scheme were introduced.
ECMWF IFS,2024-11-12,06:00,49r1,Assimilation of 2 m temperature observations; SPP replaces SPPT in all ensemble configurations; wave model moved to the 9 km O1280 grid; new FCI (Meteosat-12) and denser SEVIRI radiance use; 2 m temperature and 10 m wind speed improved in short and medium range; atmospheric resolution unchanged,FALSE,TRUE,FALSE,day,https://www.ecmwf.int/en/about/media-centre/news/2024/forecast-upgrade-improves-wind-and-temperature-predictions,primary,corrected,Date and content confirmed against the implementation page (06 UTC run). Wave model moved to the atmospheric O1280 grid; SPP replaced SPPT.
ECMWF IFS,2026-05-12,06:00,50r1,Revised SPP to reduce excessive 10 m wind spread; vertical diffusion called last in the physics; weak-constraint 4D-Var extended to the boundary layer (more 2 m temperature observations); aerosol climatology updated; convection/microphysics changes for inland precipitation; EDA perturbed members reduced from TL399 to TL255; separate HRES run stopped (ENS Control only); resolution unchanged,TRUE,TRUE,FALSE,day,https://confluence.ecmwf.int/display/FCST/Implementation+of+IFS+Cycle+50r1,primary,corrected,"Date confirmed (06 UTC run). TL399 to TL255 is the EDA perturbed-member resolution, confirmed on the implementation page; no source gives a compute-saving figure. The cycle also updated the aerosol climatology (radiation) and reordered vertical diffusion (boundary layer). The high-resolution forecast now exists only as ENS Control."
ECMWF AIFS,2025-02-25,06:00,AIFS Single v1,"First operational AIFS Single (N320, ~32 km) replacing experimental v0.2.1; revised training and bounding; outputs include ssrd, strd and newly added 100 m u/v wind",TRUE,TRUE,FALSE,day,https://confluence.ecmwf.int/display/FCST/Implementation+of+AIFS+Single+v1,primary,corrected,"Date (06 UTC) and N320 ~32 km confirmed. The implementation page lists ssrd/strd and 100 m u/v as outputs, with 100 m wind newly available, hence both flags for output-field changes."
ECMWF AIFS,2025-07-01,06:00,AIFS ENS v1,"First operational AIFS ENS: 50 perturbed members plus control, N320 (~31 km, 0.25 degree dissemination), 13 pressure levels, 4 runs/day, 15-day range; outputs include ssrd and 100 m u/v",TRUE,TRUE,FALSE,day,https://confluence.ecmwf.int/display/FCST/Implementation+of+AIFS+ENS+v1,primary,corrected,"Date (06 UTC run), 51 members, 00/06/12/18 runs and 15-day range confirmed; grid is N320 (~31 km) disseminated at 0.25 degree. ssrd and 100 m u/v are output fields."
ECMWF AIFS,2026-05-12,06:00,AIFS Single v2 / AIFS ENS v2,"AIFS Single v2: fine-tuning extended to 2018-2024, no architecture change, new 10 hPa level, wave and snow-cover outputs, forecasts less smooth than v1.1. AIFS ENS v2: multi-scale loss, stricter variable bounding, fine-tuned on 2018-2024 plus 50r1 data, new wave component and 10 hPa level",TRUE,TRUE,FALSE,day,https://confluence.ecmwf.int/display/FCST/Implementation+of+AIFS+Single+v2,primary,corrected,"Filled the missing science change from the AIFS Single v2 and AIFS ENS v2 implementation pages (06 UTC run). Single v2: fine-tuned on 2 more years of data (2018-2024), no architecture change. ENS v2: multi-scale loss, stricter bounding, fine-tuned 2018-2024 including 50r1 data."
ERA5/ERA5T,2019-01-01,,IFS 41r2 (frozen),ERA5 model version is frozen at IFS Cycle 41r2 throughout the whole record; known bug in potential evapotranspiration (PET) computation over forests and deserts inherited from this frozen cycle,FALSE,FALSE,FALSE,announced,https://confluence.ecmwf.int/display/CKB/ERA5%3A+data+documentation,primary,yes,"The ERA5 documentation states ERA5 uses CY41R2. This row is a status statement, not a change event; do not draw it as an event on a chart."
ERA5/ERA5T,2021-09-01,,ERA5T correction period,ERA5T differs from the final ERA5 for 1 Sep to 13 Dec 2021 because incorrect snow observations assimilated over central Asia were corrected before the final ERA5 run,FALSE,FALSE,FALSE,day,https://confluence.ecmwf.int/display/CKB/ERA5%3A+data+documentation,primary,corrected,"Confirmed on ECMWF's own ERA5 documentation page, a primary source. Differences are mainly snow depth, soil moisture, 2 m temperature and dewpoint over central Asia."
ERA5/ERA5T,2022-10-01,,MIR regridding change,"Some local differences between ERA5 and ERA5T for 1 to 24 October 2022 (hourly products on CDS disks), from the change of regridding software (MIR) when ERA5 production moved from Cray to Atos; not meteorologically significant",FALSE,FALSE,FALSE,day,https://confluence.ecmwf.int/display/CKB/ERA5%3A+data+documentation,primary,corrected,The date is the start of the affected period: the ERA5 documentation (primary) gives 1 to 24 October 2022 for hourly products on the CDS.
ERA5/ERA5T,2025-01-01,12:00,ERA5T rerun,"Technical issue at the turn of 2025 meant a large part of satellite observations were not used, mainly affecting tropical humidity; ERA5T and ERA5-Land-T rewritten for 12 UTC 1 Jan to 12 UTC 6 Jan 2025 with corrected data",FALSE,FALSE,FALSE,day,https://confluence.ecmwf.int/spaces/CKB/pages/140385202/ERA5-Land+data+documentation,primary,corrected,Confirmed on the ERA5-Land documentation page (primary). Affected ERA5T period is 12 UTC 1 January to 12 UTC 6 January 2025; ERA5T and ERA5-Land-T were rewritten and the consolidated ERA5 contains the corrected values.
DWD ICON global,2019-07-30,06:00,2.5.0,ICON 2.5.0: revised cloud-cover parameterisation (sub-grid cloud width coupled to turbulence; better diurnal cycle of boundary-layer cloud and mid-level liquid cloud) to improve cloud and radiation forecasts; soil evaporation parameters coupled to analysed 2 m temperature errors,TRUE,FALSE,FALSE,day,https://www.dwd.de/DE/fachnutzer/forschung_lehre/numerische_wettervorhersage/nwv_aenderungen/_functions/DownloadBox_modellaenderungen/icon/pdf_2019/pdf_icon_30_07_2019.pdf?__blob=publicationFile,primary,corrected,"Effective 30 July 2019, 06 UTC; DWD published the notice on 2019-07-23. Content: revised cloud-cover parameterisation to improve cloud and radiation forecasts (boundary-layer cloud diurnal cycle, mid-level liquid cloud), and T2M-error coupling of soil evaporation parameters."
DWD ICON global,2020-04-21,09:00,2.6.0,Use of GNSS zenith total delay (ZTD) data; snow-evaporation correction; revised CAPE/CIN calculation; new CEILING diagnostic for ICON-EU,FALSE,FALSE,FALSE,day,https://www.dwd.de/DE/fachnutzer/forschung_lehre/numerische_wettervorhersage/nwv_aenderungen/_functions/DownloadBox_modellaenderungen/icon/pdf_2020/pdf_icon_21_04_2020.pdf?__blob=publicationFile,primary,corrected,"Effective 21 April 2020 with the 09 UTC assimilation run, with ICON upgraded to 2.6.0; DWD published the notice on 2020-04-16."
DWD ICON global,2020-05-19,09:00,,Global assimilation of Aeolus HLOS wind observations; use of German radiosonde descent data; revised skin-temperature formulation in TERRA; ensemble soil-moisture/evapotranspiration perturbations,FALSE,TRUE,FALSE,day,https://www.dwd.de/DE/fachnutzer/forschung_lehre/numerische_wettervorhersage/nwv_aenderungen/_functions/DownloadBox_modellaenderungen/icon/pdf_2020/pdf_icon_19_05_2020.pdf?__blob=publicationFile,primary,corrected,Effective 19 May 2020 with the 09 UTC assimilation run; DWD published the notice on 2020-05-14.
DWD ICON global,2021-02-10,09:00,,ICON-D2/ICON-D2-EPS replace COSMO-D2/COSMO-D2-EPS; DWD's operational NWP system becomes entirely ICON-based,FALSE,FALSE,TRUE,day,https://www.dwd.de/DE/fachnutzer/forschung_lehre/numerische_wettervorhersage/nwv_aenderungen/_functions/DownloadBox_modellaenderungen/icon_d2/pdf_2021/pdf_icon_system_10_02_2021.pdf?__blob=publicationFile,primary,corrected,Date confirmed; the DWD notice itself is the primary source (the aviation page is secondary to it). Transition between the 06 and 09 UTC runs.
DWD ICON global,2021-09-08,,2.6.3-nwp1,"ICON 2.6.3-nwp1: SSO gravity-wave emission reformulated and retuned (global, EU nest and EPS only); small NH winter wind and temperature improvements",FALSE,TRUE,FALSE,day,https://www.dwd.de/DE/fachnutzer/forschung_lehre/numerische_wettervorhersage/nwv_aenderungen/_functions/DownloadBox_modellaenderungen/icon/pdf_2021/pdf_icon_08_09_2021.pdf?__blob=publicationFile,primary,corrected,"Effective 8 September 2021; DWD published the notice on 2021-08-31. SSO (sub-grid orography) scheme updated and retuned in the global system, improving NH winter wind by about half the 1-2% geopotential gain."
DWD ICON global,2021-11-17,,2.6.4-nwp1,"ICON 2.6.4-nwp1: time-dependent physics-parameter perturbations in global EPS (improved spread for 2 m temperature, 10 m wind/gusts and cloud cover); SST analysis smoothing fix for ICON-EU/ICON-D2",FALSE,TRUE,FALSE,day,https://www.dwd.de/DE/fachnutzer/forschung_lehre/numerische_wettervorhersage/nwv_aenderungen/_functions/DownloadBox_modellaenderungen/icon/pdf_2021/pdf_icon_17_11_2021.pdf?__blob=publicationFile,primary,corrected,"Effective 17 November 2021; DWD published the notice on 2021-11-11. Time-dependent physics perturbations in the global EPS (better spread of 10 m wind, gusts and cloud cover) and an SST-analysis smoothing fix for ICON-EU and ICON-D2."
DWD ICON global,2022-10-12,06:00,2.6.5-nwp0a,ICON 2.6.5-nwp0: parameterisation of latent heating from changes in sub-grid-scale cloud cover (global and ICON-D2),FALSE,FALSE,FALSE,day,https://www.dwd.de/DE/fachnutzer/forschung_lehre/numerische_wettervorhersage/nwv_aenderungen/_functions/DownloadBox_modellaenderungen/icon/pdf_2022/pdf_icon_12_10_2022.pdf?__blob=publicationFile,primary,corrected,"Effective 12 October 2022 (06 UTC global, 09 UTC ICON-D2). Content: latent heating tied to changes in sub-grid cloud cover."
DWD ICON global,2022-11-23,06:00,,"ICON-EPS mesh 40 to 26 km and ICON-EU-EPS 20 to 13 km; vertical levels 90 to 120 (global) and 60 to 74 (EU nest) in deterministic and ensemble; new MERIT/REMA orography and SSO fields; adaptive surface friction (roughness length, SSO blocking) driven by 10 m wind assimilation increments; hub-height wind bias reduced",FALSE,TRUE,TRUE,day,https://www.dwd.de/DE/fachnutzer/forschung_lehre/numerische_wettervorhersage/nwv_aenderungen/_functions/DownloadBox_modellaenderungen/icon/pdf_2022/pdf_icon_23_11_2022.pdf?__blob=publicationFile,primary,corrected,"Effective 23 November 2022, 06 UTC run; DWD published the notice on 2022-11-08. The deterministic runs changed as well as the EPS: vertical levels rose 90 to 120 (global) and 60 to 74 (EU), and adaptive surface friction from 10 m wind increments was introduced. DWD reports a reduced positive wind bias at turbine height (~100 m) against German wind-farm SCADA."
DWD ICON global,2023-03-15,06:00,,"10 m wind assimilation and adaptive surface friction extended to previously blacklisted regions (global); shallow-convection switch-off in stable boundary layers via estimated inversion strength (global and ICON-D2), improving stratus/stratocumulus and solar radiation bias",TRUE,TRUE,FALSE,day,https://www.dwd.de/DE/fachnutzer/forschung_lehre/numerische_wettervorhersage/nwv_aenderungen/_functions/DownloadBox_modellaenderungen/icon/pdf_2023/pdf_icon_15_03_2023.pdf?__blob=publicationFile,primary,corrected,"Effective 15 March 2023, 06 UTC (global) / 09 UTC (ICON-D2); DWD published the notice on 2023-03-07. The same notice changed shallow convection (estimated inversion strength), which improves stratocumulus persistence and solar radiation bias."
DWD ICON global,2023-08-30,,,Switch to RTTOV 13.2 for satellite radiance assimilation,FALSE,FALSE,FALSE,day,https://www.dwd.de/DE/fachnutzer/forschung_lehre/numerische_wettervorhersage/nwv_aenderungen/_functions/DownloadBox_modellaenderungen/icon/pdf_2023/pdf_icon_30_08_2023.pdf?__blob=publicationFile,primary,corrected,Effective 30 August 2023; DWD published the notice on 2023-08-23.
DWD ICON global,2024-04-17,06:00,,Revision of ensemble perturbations; updated greenhouse-gas concentrations,FALSE,FALSE,FALSE,day,https://www.dwd.de/DE/fachnutzer/forschung_lehre/numerische_wettervorhersage/nwv_aenderungen/_functions/DownloadBox_modellaenderungen/icon/pdf_2024/pdf_icon_17_04_2024.pdf?__blob=publicationFile,primary,corrected,"Effective 17 April 2024, 06 UTC; DWD published the notice on 2024-04-08. Also: SST perturbations reduced 25%, moisture-dependent heat capacities."
DWD ICON global,2024-05-22,06:00,,Retuned soil-moisture adjustment and adaptive surface friction; soil-moisture ensemble perturbations; satellite radiance assimilation changes,FALSE,TRUE,FALSE,day,https://www.dwd.de/DE/fachnutzer/forschung_lehre/numerische_wettervorhersage/nwv_aenderungen/_functions/DownloadBox_modellaenderungen/icon/pdf_2024/pdf_icon_22_05_2024.pdf?__blob=publicationFile,primary,corrected,Date confirmed (06 UTC). The adaptive-surface-friction retuning applies to ICON-EPS.
DWD ICON global,2025-07-23,06:00,,Dissipative heating and warm-layer ocean parameterisations added across all ICON configurations; rime-deposition bugfix; retuned interception storage,FALSE,TRUE,FALSE,day,https://www.dwd.de/DE/fachnutzer/forschung_lehre/numerische_wettervorhersage/nwv_aenderungen/_functions/DownloadBox_modellaenderungen/icon/pdf_2025/pdf_icon_23_07_2025.pdf?__blob=publicationFile,primary,corrected,"Effective 23 July 2025, 06 UTC, all ICON configurations including ICON-D2; DWD published the notice on 2025-07-15."
DWD ICON-D2,2021-02-10,09:00,,ICON-D2/ICON-D2-EPS replace COSMO-D2/COSMO-D2-EPS as the convection-permitting regional model,FALSE,FALSE,TRUE,day,https://www.dwd.de/DE/fachnutzer/forschung_lehre/numerische_wettervorhersage/nwv_aenderungen/_functions/DownloadBox_modellaenderungen/icon_d2/pdf_2021/pdf_icon_system_10_02_2021.pdf?__blob=publicationFile,primary,corrected,Date confirmed from the ICON-D2 notice (transition between 06 and 09 UTC).
DWD ICON-D2,2021-06-23,,,Extension of ICON-D2 forecast range to 48 hours,FALSE,FALSE,FALSE,day,https://www.dwd.de/DE/fachnutzer/forschung_lehre/numerische_wettervorhersage/nwv_aenderungen/_functions/DownloadBox_modellaenderungen/icon_d2/pdf_2021/pdf_icon_d2_23_06_2021.pdf?__blob=publicationFile,primary,corrected,The ICON-D2 changelog gives effective 23 June 2021.
DWD ICON-D2,2023-03-15,09:00,,Extension of 10-metre wind assimilation; tuning updates,FALSE,TRUE,FALSE,day,https://www.dwd.de/DE/fachnutzer/forschung_lehre/numerische_wettervorhersage/nwv_aenderungen/_functions/DownloadBox_modellaenderungen/icon/pdf_2023/pdf_icon_15_03_2023.pdf?__blob=publicationFile,primary,corrected,"Effective 15 March 2023, 09 UTC run for ICON-D2 (same notice as the global change)."
DWD ICON-D2,2024-01-24,,,Extended 10-metre wind assimilation and adaptive surface friction,FALSE,TRUE,FALSE,day,https://www.dwd.de/DE/fachnutzer/forschung_lehre/numerische_wettervorhersage/nwv_aenderungen/_functions/DownloadBox_modellaenderungen/nwv_aenderungen_icon_d2_gesamt.html,primary,yes,Date confirmed by the ICON-D2 changelog title (effective 24.01.2024).
DWD ICON-D2,2024-07-09,09:00,,Revised gust parameterisation; radar data assimilation changes,FALSE,TRUE,FALSE,day,https://www.dwd.de/DE/fachnutzer/forschung_lehre/numerische_wettervorhersage/nwv_aenderungen/_functions/DownloadBox_modellaenderungen/icon_d2/pdf_2024/pdf_icon_d2_09_07_2024.pdf?__blob=publicationFile,primary,corrected,"Effective 9 July 2024, 09 UTC. Gusts now use 10-minute mean 10 m wind and a cap tied to resolved wind in the lowest 1500 m."
DWD ICON-D2,2025-02-05,09:00,,New urban module TERRA_URB activated; precipitation-intensity fixes; ICOS tower data assimilated,FALSE,FALSE,FALSE,day,https://www.dwd.de/DE/fachnutzer/forschung_lehre/numerische_wettervorhersage/nwv_aenderungen/_functions/DownloadBox_modellaenderungen/icon_d2/pdf_2025/pdf_icon_d2_05_02_2025_terra_urb.pdf?__blob=publicationFile,primary,corrected,"Effective 5 February 2025, 09 UTC (08 UTC for RUC)."
DWD ICON-DREAM,2025-01-01,,v1,"ICON-DREAM v1 (DOI 10.5676/dwd/icon-dream_v1) published during 2025: 13 km global / 6.5 km Europe, 3-hourly assimilation cycle, covering 2010 onward, updated monthly with 2-3 months delay; exact release day not published",FALSE,FALSE,FALSE,announced,https://www.dwd.de/DE/leistungen/jahresberichte_dwd/jahresberichte/2025_04.html,primary,corrected,"Release date still not found to the day or month. DWD's 2025 annual report says only ""in 2025"" the first 15 years were published; the DOI landing page gives publication year 2025. The REA change log has no ICON-DREAM entry. Dataset updated monthly with 2-3 months delay."
Met Office,2022-05-01,,PS45 / OS45,Parallel Suite 45 operational (month only); coupled atmosphere-ocean global configuration described at N1280L70 (~10 km); UKV still RAL2-M,FALSE,FALSE,FALSE,month,https://gmd.copernicus.org/articles/16/2515/2023/,primary,corrected,"Month only. Met Office authors (GMD 2023) state the systems ""became operational in May 2022 after PS45"". No source gives PS45 a ""GC4"" label."
Met Office,2026-01-21,,"PS47 / OS47 (GC5 global, RAL3 UKV)","OS47: global to GC5 (GAL9/GOSI9), JOPA observation processing, Mode-S temperatures; UKV and MOGREPS-UK to RAL3 with CASIM double-moment microphysics, bimodal cloud scheme, boundary-layer and land-surface updates; MOGREPS-G range 7 to 10 days",TRUE,TRUE,FALSE,day,https://datahub.metoffice.gov.uk/support/changes-and-updates,primary,corrected,"Date confirmed by the DataHub notice for global, UKV, MOGREPS-G and MOGREPS-UK; the notice lists delivery times per suite but not unambiguously the first OS47 cycle, so run_utc is blank. Includes boundary-layer/land-surface updates, JOPA observation processing, Mode-S aircraft data, and the MOGREPS-G range extension from 7 to 10 days (Met Office blog 2026-02-09)."
NOAA GFS,2021-03-22,12:00,v16.0,"GFS v16.0: vertical levels 64 to 127, model top ~55 to ~80 km; new scale-aware TKE-EDMF boundary-layer scheme; RRTMG update for water-cloud absorption and cloud overlap; LETKF, 4D-IAU; WAVEWATCH III coupled",TRUE,TRUE,TRUE,day,https://www.weather.gov/media/notification/pdf2/scn21-20gfs_v16.0_aac.pdf,primary,yes,"Confirmed: SCN 21-20 (updated), effective 22 March 2021 12 UTC. Also new TKE-based EDMF boundary-layer scheme and RRTMG cloud absorption/overlap update, hence the radiation and wind flags."
NOAA GFS,2022-07-05,12:00,v16.2.1,Resource/job adjustments; bufr sounding job update; wave restart-file calculation change,FALSE,FALSE,FALSE,day,https://www.lstsrv.ncep.noaa.gov/pipermail/ncep.list.fv3-announce/2022-July/000565.html,primary,unverified,The list-server URL returns 404. A search snippet of the same post says 5 July 2022 at 1330Z; not checked against the page itself. Technical release only.
NOAA GFS,2022-08-01,,v16.2.2,RTOFS v2.3 implementation raises the GFS third-digit version; exact August 2022 date not confirmed in this pass,FALSE,FALSE,FALSE,month,https://www.lstsrv.ncep.noaa.gov/pipermail/ncep.list.fv3-announce/2022-August/000574.html,primary,unverified,The list-server URL returns 404; a search snippet says RTOFS v2.3 at a 12z cycle raised GFS to v16.2.2 with no other GFS change. Day not found. Technical release only.
NOAA GFS,2022-11-29,12:00,v16.3.0,Noah land-surface model physics upgraded; Unified Post Processing and WAFS upgraded; GSI analysis upgraded; improved snow-depth prediction and observation usage,FALSE,FALSE,FALSE,day,https://www.weather.gov/media/notification/pdf2/scn22-104_gfs.v16.3.0_aaa.pdf,primary,corrected,"Confirmed SCN 22-104: effective 29 November 2022, 12 UTC run."
NOAA GFS/GEFS,2026-10-01,,GFSv17 / GEFSv13 (proposed),"Proposed GFS/GDAS v17 for October 2026: C1152 (~9 km) from C768 (~13 km), coupled Earth-system model, revised convection, PBL and background diffusivity; comment period to 15 May 2026. GEFS v13 not confirmed",FALSE,FALSE,TRUE,announced,https://www.weather.gov/media/notification/pdf_2026/pns26-29_Science_for_GFSv17.pdf,primary,corrected,"NWS Public Information Statement 26-29 (15 April 2026) proposes GFS/GDAS v16 to v17 in October 2026: C768 (13 km) to C1152 (9 km), fractional coastline grid, coupled atmosphere-land-ocean-ice-wave, revised convection and PBL. Still a proposal as of 2026-09-23. GEFS v13 is not in this notice and is unconfirmed."
NOAA GEFS,2020-09-23,12:00,v12,GEFS v12.0: FV3 dynamical core and GFSv15.1 physics (GFDL microphysics) replacing spectral GSM; C384 (~25 km); 21 to 31 members; SPPT and SKEB; coupled waves and aerosols; 16-day range (35 days at 00 UTC),TRUE,TRUE,TRUE,day,https://www.weather.gov/media/notification/pdf2/scn20-75gefs_v12_changes.pdf,primary,corrected,"Confirmed SCN 20-75: effective 23 September 2020, 12 UTC run, v11.3 to v12.0, FV3 core with GFSv15.1 physics (GFDL microphysics), 21 to 31 members. Range is 16 days, with 35 days on the 00 UTC cycle."
Meteo-France,2024-10-15,,,"Cycle 48t1: ARPEGE radiation scheme replaced by an ecRad-derived scheme, renewed ARPEGE assimilation; AROME assimilation 3D-Var to 3DEnVar, Mode-S aircraft data (observations 1.4 to 4.2 million/day); AROME-EPS 25 members (daily scenarios 76 to 108); Mercator Ocean SST in all systems; AROME Indian Ocean domain extended ~20% north; no horizontal resolution change reported (AROME-France 1.3 km)",TRUE,TRUE,FALSE,day,https://www.umr-cnrm.fr/old/IMG/pdf/r_r_2024-gb_web_2.pdf,primary,corrected,"Neither the press article nor the Meteo-France press page gives resolution figures, and no source supports 750 m AROME or T1799 ARPEGE; AROME-France is 1.3 km per Meteo-France's 2024 reports. The CNRM 2024 research report dates the new chain, cycle 48t1, to 15 October 2024: ARPEGE moved to an ecRad-derived radiation scheme and a renewed assimilation system; AROME moved from 3D-Var to 3DEnVar with massive Mode-S data; AROME-EPS to 25 members; Mercator Ocean SSTs; solar-eclipse radiation effect."
DMI/KNMI HARMONIE-AROME,2024-06-20,,Cy43h2.2 (UWC-West),"KNMI begins operational HARMONIE-AROME Cycle 43 runs under the UWC-West collaboration, after a one-year test period",FALSE,FALSE,FALSE,day,https://english.knmidata.nl/open-data/harmonie,primary,corrected,"Confirmed on KNMI's own HARMONIE page (primary): ""On June 20, 2024, KNMI began operational runs of HARMONIE from Cycle 43 at UWC-West after a one-year test period"". Netherlands domain ~2 km; Europe domain 0.05 degree."
DMI/KNMI HARMONIE-AROME,2026-08-03,,Cy46h1 (UWC-West),"KNMI Data Platform begins publishing HARMONIE-AROME Cycle 46 (UWC-West) output; still described as experimental/test phase, not yet the operational replacement for Cy43",FALSE,FALSE,FALSE,day,https://dataplatform.knmi.nl/dataset/harmonie-arome-cy46-p1-1-0,primary,corrected,"Confirmed from the KNMI Data Platform dataset metadata (primary): ""Publication timestamp 2026-08-03"", titled ""[TEST PHASE DATA]""."
MET Norway NORA3,2024-07-03,,v4,"Catalogue record for the NORA3 3-hourly atmosphere subset revised to ""version 4"" with extended time coverage; not a model change. NORA3 itself is extended continuously (4-5 month delay, ERA5 boundaries)",FALSE,FALSE,FALSE,day,https://data.met.no/dataset/9696eef6-ccda-4d04-b963-e9a3016f4ce2,primary,corrected,"Date confirmed, but this record is the derived 3-hourly subset product, and ""v4"" is a catalogue record version (new title and extended time coverage), not a model version. MET Norway states NORA3 covers 1964 to today and is extended continuously with a 4-5 month delay; no model-configuration change was found."
Copernicus CERRA,2022-08-01,,,"CERRA and CERRA-EDA published in the Climate Data Store, covering September 1984 to June 2021 at 5.5 km",FALSE,TRUE,FALSE,month,https://forum.ecmwf.int/t/when-will-cerra-become-available/866,primary,corrected,"Confirmed by ECMWF forum support reply: ""CERRA and CERRA-EDA were published in the CDS at the beginning of August 2022"". Primary."
Copernicus CERRA,2025-01-23,,,First CERRA extension beyond June 2021 published in the CDS: 1 July 2021 to 31 July 2022,FALSE,TRUE,FALSE,day,https://forum.ecmwf.int/t/additional-cerra-data-for-the-period-from-july-2021-to-july-2022-now-available-on-the-cds/10954,primary,corrected,The extension landed in chunks: July 2021 to July 2022 on 2025-01-23; July 2024 to April 2025 on 2025-10-07 (both ECMWF forum announcements). No date was found for the chunk covering August 2022 to June 2024.
Copernicus CAMS Radiation,2017-10-11,,McClear v3,"McClear clear-sky model upgraded to v3, correcting drawbacks and preparing for future aerosol-product changes",TRUE,FALSE,FALSE,month,https://confluence.ecmwf.int/spaces/CKB/pages/266592908/CAMS+solar+radiation+time-series+data+documentation,primary,corrected,"CAMS radiation changelog gives this as month 2017-10 (v3, new bias correction). Day not in the changelog. Outside the 2019 start of scope."
Copernicus CAMS Radiation,2023-07-01,,CRS v4.6 / McClear v3.6,CRS v4.6: McClear v3.6 uses CAMS IFS 48r1 inputs from 2023-06-27 (earlier data unchanged); new SOAOD550 column; gap-filling and cloud-type bug fixes,TRUE,FALSE,FALSE,month,https://confluence.ecmwf.int/spaces/CKB/pages/266592908/CAMS+solar+radiation+time-series+data+documentation,primary,corrected,"The CAMS changelog dates v4.6 to 2023-07: McClear v3.6 driven by CAMS IFS 48r1 from 2023-06-27; ""data prior to 2023-06-27 are unchanged"". v4.0 and v4.5 have their own rows. The changelog records no Meteosat satellite change (MSG to MTG)."
EUMETSAT CM SAF,2023-05-01,,SARAH-3,"SARAH-3 released: climate data record 1 Jan 1983 to 31 Dec 2020 at 0.05 degree, extended as an Interim Climate Data Record with ~5-day latency",TRUE,FALSE,FALSE,month,https://www.cmsaf.eu/EN/Highlights/Dokumente/News_38.html,primary,corrected,"Confirmed release in May 2023, 0.05 degree, 5-day ICDR latency. CDR end dates (1 Jan 1983 to 31 Dec 2020) confirmed by the SARAH-3 ESSD paper; the 30-minute resolution is not in the news item."
Google DeepMind WeatherNext,2025-06-01,,WeatherNext 2,"WeatherNext 2: 0.25 degree, 6-hourly steps, 64-member ensemble (model spec dated June 2025; public launch announcement 2025-11-17)",FALSE,TRUE,FALSE,month,https://developers.google.com/weathernext/guides/models,primary,corrected,"Google's model specification page labels WeatherNext 2 ""June 2025"", 0.25 degree and 6-hourly with 64 members. The public launch blog is dated 2025-11-17 (available in Earth Engine and BigQuery, Vertex AI early access) and gives no June date."
Google DeepMind WeatherNext,2026-09-03,,WeatherNext 3,"WeatherNext 3: hourly, 64 members; single-level fields (incl. 10 m/100 m wind, ssrd, fdir) at 0.1 degree; 2 m temperature and dewpoint at 0.05 degree from a station-trained head; pressure-level fields (incl. upper-air wind) at 0.25 degree; production model trained to 30 June 2026 incl. experimental 50r1 data; archive from 2026-01-01, 2024-2025 backfill in progress",TRUE,TRUE,TRUE,day,https://developers.google.com/weathernext/guides/models,primary,corrected,"10 m and 100 m wind are single-level fields at 0.1 degree (~10 km), not 25 km. Google's model specification lists single-level variables (including 10 m and 100 m wind components and SSRD/FDIR) at 0.1 degree, only pressure-level fields at 0.25 degree, and station-trained 2 m temperature/dewpoint at 0.05 degree. Rasp et al. (2026) Table 1 lists 10u, 10v, 100u, 100v, ssrd and fdir as single-level targets at 0.25 and 0.1 degree, hourly; Section 2 states pressure-level fields are 0.25 degree only. The blog's ""25 km for atmospheric variables like wind speed"" refers to pressure-level wind. cdir is trained but not served. The model page labels the release ""August 2026""; the launch blog is dated 2026-09-03."
Open-Meteo archive,2023-04-11,,v0.2.5,ICON-EU updates increased to 3-hourly,FALSE,FALSE,FALSE,day,https://github.com/open-meteo/open-meteo/releases,primary,yes,Confirmed against the GitHub release notes. Note these are software release dates; the hosted API can deploy a change on a different day.
Open-Meteo archive,2023-04-20,,v0.2.7,AROME HD wind gusts added; eccodes 2.30.0 in preparation for the June 2023 IFS 48r1 format change,FALSE,TRUE,FALSE,day,https://github.com/open-meteo/open-meteo/releases,primary,corrected,"Release confirmed; the eccodes upgrade was ""for upcoming ECMWF IFS changes in June"" (48r1), not a change that had already happened. Software release date."
Open-Meteo archive,2023-05-17,,v0.2.43,"DWD ICON-EPS integrated along with ensemble models from NOAA, GEM and ECMWF",FALSE,FALSE,FALSE,day,https://github.com/open-meteo/open-meteo/releases,primary,corrected,"Release confirmed; the release integrates ensembles from DWD, NOAA, GEM and ECMWF. Software release date."
Open-Meteo archive,2023-05-26,,v0.2.48,"Ensemble API launched with ECMWF, NOAA, DWD and Canadian ensemble members served out to 35 days",FALSE,TRUE,FALSE,day,https://github.com/open-meteo/open-meteo/releases,primary,yes,Confirmed against the GitHub release notes. Note these are software release dates; the hosted API can deploy a change on a different day.
Open-Meteo archive,2023-07-04,,v0.2.69,Improved solar-radiation calculation accuracy (direct normal irradiance) and sunrise/sunset precision,TRUE,FALSE,FALSE,day,https://github.com/open-meteo/open-meteo/releases,primary,yes,Confirmed against the GitHub release notes. Note these are software release dates; the hosted API can deploy a change on a different day.
Open-Meteo archive,2023-10-10,,v0.2.89,DWD ICON-D2 and NOAA HRRR integrated at their native 15-minute output interval,FALSE,FALSE,FALSE,day,https://github.com/open-meteo/open-meteo/releases,primary,yes,Confirmed against the GitHub release notes. Note these are software release dates; the hosted API can deploy a change on a different day.
Open-Meteo archive,2024-01-11,,v1.0.0,v1.0.0: internal database restructured; many models and variables renamed; daylight and sunshine duration added; ERA5 ocean waves added to Marine API; groundwork for AWS open-data distribution,FALSE,FALSE,FALSE,day,https://github.com/open-meteo/open-meteo/releases,primary,corrected,"Release confirmed (database restructuring, daylight/sunshine duration, ERA5 ocean waves, many models and variables renamed). The renaming can break a pipeline that queries by variable name. Software release date."
Open-Meteo archive,2024-02-01,,,ECMWF IFS open-data stream served by Open-Meteo moved from 0.4 to 0.25 degree; surface variables plus 9 pressure levels,FALSE,TRUE,TRUE,day,https://openmeteo.substack.com/p/ecmwf-ifs-upgraded-to-025-resolution,primary,corrected,"On 2024-02-01 (Open-Meteo post of 2024-02-05) only ECMWF open data moved from 0.4 to 0.25 degree, with no direct radiation mentioned. Native 9 km O1280 HRES with native direct radiation came on 2025-10-01, which has its own row. The 9 pressure levels belong to the open-data stream."
Open-Meteo archive,2024-12-31,,v1.4.0,"New Open-Meteo on-disk file format introduced, closer to NetCDF4, alongside the legacy format",FALSE,FALSE,FALSE,day,https://github.com/open-meteo/open-meteo/releases,primary,yes,Confirmed. Legacy and new formats both readable; new-format files on AWS from 2025-01-14. Software release date.
Open-Meteo archive,2026-09-10,,v1.6.0,Marine API migrated to generic readers; projection-grid and data-encoding bug fixes,FALSE,FALSE,FALSE,day,https://github.com/open-meteo/open-meteo/releases,primary,yes,Confirmed (release dated 2026-09-10). Software release date.
Dynamical.org archive,2024-06-25,,,dynamical.org publicly introduced,FALSE,FALSE,FALSE,day,https://dynamical.org/updates/,primary,yes,Confirmed on the dynamical.org updates page.
Dynamical.org archive,2024-07-09,,,GFS hourly analysis (2015-present) becomes the first catalog dataset,FALSE,FALSE,FALSE,day,https://dynamical.org/updates/,primary,yes,Confirmed on the dynamical.org updates page.
Dynamical.org archive,2025-07-02,,,GFS forecasts become operational in the catalog,FALSE,FALSE,FALSE,day,https://dynamical.org/updates/,primary,yes,Confirmed on the dynamical.org updates page.
Dynamical.org archive,2025-11-20,,,"ECMWF IFS ENS forecast dataset live: ECMWF open data, 0.25 degree, 00 UTC init, coverage from 2024-04-01; 10 m gust from 2024-11-13 and total cloud cover from 2025-11-21 only",FALSE,TRUE,FALSE,day,https://dynamical.org/catalog/ecmwf-ifs-ens-forecast-15-day-0-25-degree/,primary,corrected,"Date confirmed. The dataset coverage starts 2024-04-01 from ECMWF open data at 0.25 degree; wind_gust_10m is NaN before 2024-11-13 and total_cloud_cover before 2025-11-21, so some variables start mid-record."
Dynamical.org archive,2026-04-01,,,ECMWF AIFS Single forecast added to the catalog,FALSE,FALSE,FALSE,day,https://dynamical.org/updates/,primary,yes,Confirmed on the dynamical.org updates page.
Dynamical.org archive,2026-04-24,,,"DWD ICON-EU forecast goes live; Zarr v3 deprecated, users to migrate to Icechunk by 2026-07-23",FALSE,FALSE,FALSE,day,https://dynamical.org/updates/,primary,corrected,"Date confirmed for the ICON-EU launch. The Zarr v3 to Icechunk item is an announcement that Zarr v3 is deprecated with a migration deadline of 23 July 2026, not a completed migration."
Dynamical.org archive,2026-06-01,,,ECMWF AIFS ENS joins the catalog,FALSE,FALSE,FALSE,day,https://dynamical.org/updates/,primary,yes,Confirmed on the dynamical.org updates page.
ECMWF AIFS,2025-07-31,06:00,AIFS Single v1.1,AIFS Single v1.1 implemented (fix for spurious rainfall from soil-moisture loss weighting); reverted to v1 on 2025-08-01 after a stepRange issue with six accumulated fields including ssrd,TRUE,FALSE,FALSE,day,https://confluence.ecmwf.int/display/FCST/Implementation+of+AIFS+Single+v1,primary,yes,Reverted the next day; see the 2025-08-27 row.
ECMWF AIFS,2025-08-27,06:00,AIFS Single v1.1,AIFS Single v1.1 re-implemented after the accumulated-field stepRange fix; model card reports no significant skill change,TRUE,FALSE,FALSE,day,https://confluence.ecmwf.int/display/FCST/Implementation+of+AIFS+Single+v1,primary,yes,ssrd accumulation metadata differ between 2025-07-31 and 2025-08-01.
ERA5/ERA5T,2024-07-01,,ERA5T correction period,"Final ERA5 differs from ERA5T for 1 July to 17 November 2024 after correcting assimilation of incorrect snow observations over the Alps; mainly snow depth, 2 m temperature and dewpoint",FALSE,FALSE,FALSE,day,https://confluence.ecmwf.int/display/CKB/ERA5%3A+data+documentation,primary,yes,
DWD ICON global,2019-10-22,06:00,2.5.1,"Tuning of the revised cloud-cover scheme (low/mid cloud and global radiation RMSE down 1-2%, daytime radiation bias reduced 3-4 W/m2); limiter for overshooting convection; SSMI/S over land",TRUE,FALSE,FALSE,day,https://www.dwd.de/DE/fachnutzer/forschung_lehre/numerische_wettervorhersage/nwv_aenderungen/_functions/DownloadBox_modellaenderungen/icon/pdf_2019/pdf_icon_22_10_2019.pdf?__blob=publicationFile,primary,yes,Radiation-relevant.
DWD ICON global,2021-04-14,06:00,2.6.2-nwp2,"Major configuration upgrade for global, ICON-EU and ICON-D2 (09 UTC for D2): radiation scheme RRTM replaced by ecRad with McICA stochastic cloud overlap; CAMEL satellite longwave emissivity; turbulence physics-dynamics coupling bug fixed (missing cp/cv factor); sulfate aerosol made non-absorbing; heat-transfer resistance retuned for 2 m diurnal cycle",TRUE,TRUE,FALSE,day,https://www.dwd.de/DE/fachnutzer/forschung_lehre/numerische_wettervorhersage/nwv_aenderungen/_functions/DownloadBox_modellaenderungen/icon/pdf_2021/pdf_icon_14_04_2021.pdf?__blob=publicationFile,primary,yes,The largest radiation change in ICON in the period.
DWD ICON-D2,2021-05-26,,2.6.2-nwp3,Adaptive pressure bias correction at the lateral boundaries and minor tuning in ICON-D2/-EPS,FALSE,FALSE,FALSE,day,https://www.dwd.de/DE/fachnutzer/forschung_lehre/numerische_wettervorhersage/nwv_aenderungen/_functions/DownloadBox_modellaenderungen/icon_d2/pdf_2021/pdf_icon_d2_system_26_05_2021.pdf?__blob=publicationFile,primary,yes,Minor.
DWD ICON global,2022-05-11,06:00,2.6.4-nwp4,Assimilation of SYNOP 2 m temperature; model-DA coupling of soil and surface parameters to T2M increments; ECMWF ozone in IASI assimilation; improved MHS/ATMS/SSMIS cloud detection,FALSE,FALSE,FALSE,day,https://www.dwd.de/DE/fachnutzer/forschung_lehre/numerische_wettervorhersage/nwv_aenderungen/_functions/DownloadBox_modellaenderungen/icon/pdf_2022/pdf_icon_11_05_2022.pdf?__blob=publicationFile,primary,yes,Start of the adaptive-parameter coupling later extended to surface friction on 2022-11-23.
DWD ICON global,2023-11-28,06:00,icon-2.6.6-nwp1,Retuned SSO scheme and turbulence source term for NH winter; inversion diagnostic in the cloud-cover scheme to improve stratocumulus; additional GNSS-RO,TRUE,TRUE,FALSE,day,https://www.dwd.de/DE/fachnutzer/forschung_lehre/numerische_wettervorhersage/nwv_aenderungen/_functions/DownloadBox_modellaenderungen/icon/pdf_2023/pdf_icon_28_11_2023.pdf?__blob=publicationFile,primary,yes,
DWD ICON global,2024-12-04,06:00,icon-2024.10-dwd-2.0,Extended adaptive parameter tuning (soil hydraulic diffusivity and more); revised snow cover in surface transfer; global and ICON-D2 (09 UTC),FALSE,TRUE,FALSE,day,https://www.dwd.de/DE/fachnutzer/forschung_lehre/numerische_wettervorhersage/nwv_aenderungen/_functions/DownloadBox_modellaenderungen/icon/pdf_2024/pdf_icon_04_12_2024.pdf?__blob=publicationFile,primary,yes,Surface-transfer changes can shift near-surface wind.
DWD ICON global,2025-09-24,06:00,icon-2025.04-dwd-2.0,"All ICON configurations: inversion-cloud parameterisation extended from stratocumulus to stratus (minimum inversion 400 m to 100 m), improving winter fog/stratus in central Europe, and activated in ICON-D2; extended adaptive parameter tuning",TRUE,FALSE,FALSE,day,https://www.dwd.de/DE/fachnutzer/forschung_lehre/numerische_wettervorhersage/nwv_aenderungen/_functions/DownloadBox_modellaenderungen/icon/pdf_2025/pdf_icon_24_09_2025.pdf?__blob=publicationFile,primary,yes,Winter low cloud directly affects surface solar radiation.
DWD ICON global,2025-12-02,06:00,icon-2025.04-dwd-3.0,Bare-soil evaporation from soil-top temperature (all configurations); convection entrainment/detrainment retuned; adaptive-tuning filter timescales revised; GNSS-RO changes,FALSE,FALSE,FALSE,day,https://www.dwd.de/DE/fachnutzer/forschung_lehre/numerische_wettervorhersage/nwv_aenderungen/_functions/DownloadBox_modellaenderungen/icon/pdf_2025/pdf_icon_02_12_2025.pdf?__blob=publicationFile,primary,yes,
DWD ICON-D2,2026-02-18,09:00,icon-2025.04-dwd-4.0,New output field for SSO-corrected 10 m wind (ICON-D2); adaptive surface friction restricted to grid points with small SSO standard deviation; revised visibility and ceiling diagnostics,FALSE,TRUE,FALSE,day,https://www.dwd.de/DE/fachnutzer/forschung_lehre/numerische_wettervorhersage/nwv_aenderungen/_functions/DownloadBox_modellaenderungen/icon/pdf_2026/pdf_icon_18_02_2026.pdf?__blob=publicationFile,primary,yes,New wind output field and friction change.
DWD ICON global,2026-06-30,12:00,icon-2025.10-dwd-2.2,Global configurations: SST ensemble perturbations revised; ensemble physics perturbations retuned; lower-stratosphere humidity relaxation reduced; AWS MWR radiances,FALSE,FALSE,FALSE,day,https://www.dwd.de/DE/fachnutzer/forschung_lehre/numerische_wettervorhersage/nwv_aenderungen/_functions/DownloadBox_modellaenderungen/icon/pdf_2026/pdf_icon_30_06_2026.pdf?__blob=publicationFile,primary,yes,Ensemble spread only.
DWD ICON global,2026-07-22,12:00,DACE 2.28,FCI on Meteosat-12 replaces SEVIRI on Meteosat-10 in the global data assimilation,FALSE,FALSE,FALSE,day,https://www.dwd.de/DE/fachnutzer/forschung_lehre/numerische_wettervorhersage/nwv_aenderungen/_functions/DownloadBox_modellaenderungen/icon/pdf_2026/pdf_icon_22_07_2026.pdf?__blob=publicationFile,primary,yes,Satellite input change for the analysis.
DWD ICON global,2026-09-02,12:00,,"Simplified 2D prognostic aerosol scheme replaces the Tegen climatology for non-dust aerosol in global configurations incl. ICON-EU; DWD reports global radiation increases significantly and diffuse slightly, with reduced biases",TRUE,FALSE,FALSE,day,https://www.dwd.de/DE/fachnutzer/forschung_lehre/numerische_wettervorhersage/nwv_aenderungen/_functions/DownloadBox_modellaenderungen/icon/pdf_2026/pdf_icon_02_09_2026.pdf?__blob=publicationFile,primary,yes,Radiation-relevant.
DWD ICON global,2026-10-06,06:00,,"Announced: ICON-EPS mesh 26 to 20 km and ICON-EU-EPS 13 to 10 km; ICON-EU nested domain slightly enlarged (mainly south, a few rows west and north) for deterministic and EPS",FALSE,TRUE,TRUE,announced,https://www.dwd.de/DE/fachnutzer/forschung_lehre/numerische_wettervorhersage/nwv_aenderungen/_functions/DownloadBox_modellaenderungen/icon/pdf_2026/pdf_icon_06_10_2026.pdf?__blob=publicationFile,primary,yes,Announced; after the check date of 2026-09-23. ICON-EU grid extent changes.
Met Office,2019-12-04,,PS43 / OS43,"Global: GA7.2 physics (boundary layer, cloud, radiation, warm rain, deep convection); MOGREPS-G En-4DEnVar initialisation replaces ETKF. UKV/MOGREPS-UK: RAL2-M (lying snow, sub-grid turbulence, mixed-phase ice cloud fraction), hourly soil-moisture EKF; UKV stays on 70 levels",TRUE,TRUE,FALSE,day,https://gmd.copernicus.org/articles/16/1713/2023/,primary,yes,"Date from Met Office authors (Bush et al., GMD 2023); release notes at https://www.metoffice.gov.uk/services/data/met-office-data-for-reuse/ps43_aws"
Met Office,2025-05-01,,PS46 / OS46,Port of the operational suite from the Cray XC40 to the Microsoft Azure / Cray EX supercomputer; no science change intended,FALSE,FALSE,FALSE,month,https://www.metoffice.gov.uk/blog/2025/better-forecasts-ahead-as-met-office-transitions-to-a-supercomputer-in-azure-cloud,primary,yes,"Blog of 2025-05-19 says the new machine ""officially took over""; PS46 identified as the port in the UK government algorithmic transparency record. Exact switchover day not published."
NOAA GFS,2019-06-12,12:00,v15.1,"FV3 dynamical core replaces spectral core; GFDL microphysics replaces Zhao-Carr; ozone and water-vapour photochemistry; revised bare-soil evaporation; convection change to reduce cloud-top cooling; 13 km, 64 levels",TRUE,TRUE,FALSE,day,https://www.weather.gov/media/notification/pdf2/scn19-40gfs_v15.1.pdf,primary,yes,
NOAA GEFS,2026-06-15,12:00,v12.3.20,"Bugfix: downward/upward shortwave flux fields stored with 6 instead of 3 significant digits in GRIB2 to remove spurious negative values (DSWRFsfc, USWRFsfc, USWRFtoa)",TRUE,FALSE,FALSE,day,https://www.weather.gov/media/notification/pdf_2026/scn26-57_GEFS_Shortwave_radiation_fix.pdf,primary,yes,Changes stored SSRD values without a model change.
Meteo-France,2022-07-01,,ARPEGE 46t1,ARPEGE cycle 46t1 introduced in mid-2022; Meteo-France reports a reduction of over-forecast of light rain,FALSE,FALSE,FALSE,month,https://www.ecmwf.int/sites/default/files/elibrary/092024/81601-application-and-verification-of-ecmwf-products-2024-france.pdf,primary,yes,"Month is ""middle of 2022"" only; exact date not found."
Copernicus CERRA,2025-10-07,,,CERRA July 2024 to April 2025 published in the CDS; monthly near-real-time updates thereafter,FALSE,TRUE,FALSE,day,https://forum.ecmwf.int/t/cerra-data-from-july-2024-to-april-2025-now-available-on-the-cds/14235,primary,yes,No date found for the August 2022 to June 2024 chunk.
Copernicus CAMS Radiation,2021-06-01,,CRS v4.0,APOLLO_NG cloud retrieval (fuzzy-logic cloud detection) replaces APOLLO; McClear v3.5,TRUE,FALSE,FALSE,month,https://confluence.ecmwf.int/spaces/CKB/pages/266592908/CAMS+solar+radiation+time-series+data+documentation,primary,yes,"CRS is computed on request, so a version change may apply to the whole history; check before cutting folds."
Copernicus CAMS Radiation,2022-09-01,,CRS v4.5,New all-sky model; bias correction removed; McClear 3.5 uses CAMS reanalysis for 2004-2020,TRUE,FALSE,FALSE,month,https://confluence.ecmwf.int/spaces/CKB/pages/266592908/CAMS+solar+radiation+time-series+data+documentation,primary,yes,Bias-correction removal can shift the whole series.
Open-Meteo archive,2025-10-01,,,"Following ECMWF opening its real-time catalogue on 2025-10-01, Open-Meteo serves native 9 km O1280 IFS HRES with native direct radiation, dew point, visibility, showers and boundary-layer height, hourly to 90 h, without the 2-hour delay; no pressure levels in the 9 km model",TRUE,TRUE,TRUE,day,https://openmeteo.substack.com/p/ecmwf-transitions-to-open-data,primary,yes,The direct-radiation source change; the 2024-02-01 row is only the open-data move to 0.25 degree. Open-Meteo's 9 km availability conflicts with ECMWF's note that the 9 km catalogue is planned later in 2026; unresolved.
Dynamical.org archive,2025-03-12,,,NOAA GEFS 35-day forecasts released (first non-demo dataset),FALSE,TRUE,FALSE,day,https://dynamical.org/updates/,primary,yes,
Dynamical.org archive,2025-04-29,,,GEFS analysis live (25+ years),FALSE,TRUE,FALSE,day,https://dynamical.org/updates/,primary,yes,
